iteration,total_time_s,tokens_generated,tokens_per_sec,memory_mb
1,23.268357753753662,50,2.148840950837365,4887.45703125
2,23.769830226898193,50,2.1035068203145797,4895.015625
3,24.2133150100708,50,2.064979536226411,4895.65625
