iteration,total_time_s,tokens_generated,tokens_per_sec,memory_mb
1,23.371052026748657,50,2.1393987717272616,4889.2578125
2,24.34234595298767,50,2.054033744182459,4896.8828125
3,24.92389702796936,50,2.0061068276718714,4897.1640625
